{"cameraMode":{"drawMode":0,"name":"Shaded","section":"Shading Mode"},"sceneLighting":false,"audioPlay":false,"sceneViewState":{"m_AlwaysRefresh":true,"showFog":true,"showSkybox":false,"showFlares":true,"showImageEffects":true,"showParticleSystems":true,"showVisualEffectGraphs":true,"m_FxEnabled":true},"in2DMode":false,"pivot":{"x":0.1514742225408554,"y":0.48233938217163088,"z":-0.016040220856666566},"rotation":{"x":0.9879662394523621,"y":0.012049275450408459,"z":0.11191374063491821,"w":-0.10622233152389527},"size":0.8536465167999268,"orthographic":true}