{"cameraMode":{"drawMode":0,"name":"Shaded","section":"Shading Mode"},"sceneLighting":false,"audioPlay":false,"sceneViewState":{"m_AlwaysRefresh":true,"showFog":true,"showSkybox":false,"showFlares":true,"showImageEffects":true,"showParticleSystems":true,"showVisualEffectGraphs":true,"m_FxEnabled":true},"in2DMode":false,"pivot":{"x":0.09117484092712403,"y":0.7500001192092896,"z":0.024342119693756105},"rotation":{"x":0.9401620030403137,"y":0.015827307477593423,"z":0.3375481963157654,"w":-0.044032663106918338},"size":1.2247906923294068,"orthographic":true}